{
  "warmth": 0.656507084795604,
  "energy": 0.7271728834712551,
  "confidence": 0.675541386189881,
  "stability": 0.5939042508773623
}